epoch,train_loss,valid_loss,accuracy,<lambda>,<lambda>,time
0,2.007075786590576,2.0233588218688965,0.2827691435813904,0.6098243594169617,0.46576738357543945,01:27
1,1.897545337677002,1.7935543060302734,0.3799948990345001,0.7060320973396301,0.5787732005119324,01:27
2,1.781624674797058,2.3275225162506104,0.3324001133441925,0.6810893416404724,0.5441588163375854,01:27
3,1.6292794942855835,1.589361548423767,0.46220412850379944,0.7734792828559875,0.667345404624939,01:27
4,1.4689481258392334,2.0610532760620117,0.3733774423599243,0.7228302359580994,0.603970468044281,01:27
5,1.2668383121490479,1.1730117797851562,0.5932807326316833,0.8717230558395386,0.7877322435379028,01:27
6,1.1414240598678589,1.6477160453796387,0.4843471646308899,0.7426826357841492,0.6459658741950989,01:27
7,1.0245319604873657,0.9453417062759399,0.6780351400375366,0.9058284759521484,0.8416900038719177,01:28
8,0.9071537852287292,1.2315113544464111,0.5904810428619385,0.8452532291412354,0.7559175491333008,01:26
