epoch,train_loss,valid_loss,accuracy,time
0,2.722289562225342,2.2719409465789795,0.16594552993774414,01:12
1,2.521019220352173,2.486290693283081,0.16772715747356415,01:12
2,2.431497573852539,3.3991520404815674,0.20743191242218018,01:12
3,2.274675130844116,6.956262111663818,0.23364724218845367,01:12
4,2.1264657974243164,1.9480180740356445,0.29065918922424316,01:12
