epoch,train_loss,valid_loss,accuracy,time
0,2.7546002864837646,2.3890042304992676,0.16009162366390228,03:04
1,2.6009316444396973,2.5933001041412354,0.132603719830513,03:02
2,2.431180238723755,2.199533224105835,0.18070755898952484,03:02
3,2.2406656742095947,2.2744202613830566,0.17485365271568298,03:03
4,2.182377338409424,1.9940547943115234,0.27411556243896484,03:02
